-- phpMyAdmin SQL Dump
-- version 4.1.4
-- http://www.phpmyadmin.net
--
-- Client :  127.0.0.1
-- Généré le :  Jeu 09 Juin 2016 à 16:42
-- Version du serveur :  5.6.15-log
-- Version de PHP :  5.4.24

SET SQL_MODE = "NO_AUTO_VALUE_ON_ZERO";
SET time_zone = "+00:00";


/*!40101 SET @OLD_CHARACTER_SET_CLIENT=@@CHARACTER_SET_CLIENT */;
/*!40101 SET @OLD_CHARACTER_SET_RESULTS=@@CHARACTER_SET_RESULTS */;
/*!40101 SET @OLD_COLLATION_CONNECTION=@@COLLATION_CONNECTION */;
/*!40101 SET NAMES utf8 */;

--
-- Base de données :  `db_talkentreprise`
--

-- --------------------------------------------------------

--
-- Structure de la table `t_code_help`
--

CREATE TABLE IF NOT EXISTS `t_code_help` (
  `idCode` int(11) NOT NULL AUTO_INCREMENT,
  `code` varchar(6) NOT NULL,
  `comment` varchar(70) NOT NULL,
  PRIMARY KEY (`idCode`)
) ENGINE=InnoDB DEFAULT CHARSET=utf8;

--
-- Contenu de la table `t_code_help`
--

INSERT INTO `t_code_help` (`idCode`, `code`, `comment`) VALUES
(1, '0001', 'Connexion'),
(2, '0011', 'Envoyeur'),
(3, '0012', 'Destinataire'),
(4, '###', 'Fin'),
(5, '0002', 'Déconnection'),
(6, '0013', 'Heure'),
(7, '0020', 'Contenu du message'),
(8, '0003', 'Envoyer un message'),
(9, '0014', 'Date ancien message'),
(10, '!!!!', 'début de la trame'),
(11, '0015', 'Mise à jour de la liste des employés'),
(12, '0004', 'récupérer les informations de l''utilsateur'),
(13, '0003', 'récupération des messages depuis la base de données'),
(14, '005', 'mise à jour des utilisateurs'),
(15, '', '');

-- --------------------------------------------------------

--
-- Structure de la table `t_group`
--

CREATE TABLE IF NOT EXISTS `t_group` (
  `idGroup` int(11) NOT NULL AUTO_INCREMENT,
  `group` varchar(20) NOT NULL,
  PRIMARY KEY (`idGroup`)
) ENGINE=InnoDB  DEFAULT CHARSET=utf8 AUTO_INCREMENT=4 ;

--
-- Contenu de la table `t_group`
--

INSERT INTO `t_group` (`idGroup`, `group`) VALUES
(1, 'Vendeur'),
(2, 'R.H.'),
(3, 'Admin');

-- --------------------------------------------------------

--
-- Structure de la table `t_log`
--

CREATE TABLE IF NOT EXISTS `t_log` (
  `idLog` int(11) NOT NULL AUTO_INCREMENT,
  `code` varchar(4) NOT NULL,
  `lenTot` varchar(4) NOT NULL,
  `CodeSender` varchar(4) NOT NULL,
  `lenSender` varchar(4) NOT NULL,
  `valueSender` varchar(100) NOT NULL,
  `codeDestination` varchar(4) NOT NULL,
  `lenDestination` varchar(4) NOT NULL,
  `valueDestination` varchar(100) NOT NULL,
  `codeMessage` varchar(4) NOT NULL,
  `lenMessage` varchar(4) NOT NULL,
  `valueMessage` text NOT NULL,
  `codeDate` varchar(4) NOT NULL,
  `lenDate` varchar(4) NOT NULL,
  `valueDate` datetime NOT NULL,
  `CodeEnd` varchar(4) NOT NULL,
  `state` int(11) NOT NULL DEFAULT '2',
  `forGroup` tinyint(1) NOT NULL DEFAULT '0',
  PRIMARY KEY (`idLog`)
) ENGINE=InnoDB  DEFAULT CHARSET=utf8 AUTO_INCREMENT=1567 ;

--
-- Contenu de la table `t_log`
--

INSERT INTO `t_log` (`idLog`, `code`, `lenTot`, `CodeSender`, `lenSender`, `valueSender`, `codeDestination`, `lenDestination`, `valueDestination`, `codeMessage`, `lenMessage`, `valueMessage`, `codeDate`, `lenDate`, `valueDate`, `CodeEnd`, `state`, `forGroup`) VALUES
(1332, '0001', '003D', '0011', '0016', 'gabriel@aspirateur.com', '0012', '0004', 'Host', '', '', '', '', '', '2016-06-09 12:36:58', '####', 2, 0),
(1333, '0003', '008E', '0011', '0016', 'gabriel@aspirateur.com', '0012', '0014', 'fabio@aspirateur.com', '0020', '0039', '32,51,234,59,57,194,231,123,179,196,64,160,135,185,184,96', '', '', '2016-06-09 12:37:06', '####', 4, 1),
(1334, '0003', '0092', '0011', '0016', 'gabriel@aspirateur.com', '0012', '0018', 'poutcheck@aspirateur.com', '0020', '0039', '32,51,234,59,57,194,231,123,179,196,64,160,135,185,184,96', '', '', '2016-06-09 12:37:06', '####', 4, 1),
(1335, '0003', '0071', '0011', '0016', 'gabriel@aspirateur.com', '0012', '0014', 'fabio@aspirateur.com', '0020', '001C', '37,26,200,187,133,38,222,254', '', '', '2016-06-09 12:37:34', '####', 4, 1),
(1336, '0003', '0075', '0011', '0016', 'gabriel@aspirateur.com', '0012', '0018', 'poutcheck@aspirateur.com', '0020', '001C', '37,26,200,187,133,38,222,254', '', '', '2016-06-09 12:37:34', '####', 4, 1),
(1337, '0001', '003D', '0011', '0016', 'gabriel@aspirateur.com', '0012', '0004', 'Host', '', '', '', '', '', '2016-06-09 12:38:42', '####', 2, 0),
(1338, '0003', '0071', '0011', '0016', 'gabriel@aspirateur.com', '0012', '0014', 'fabio@aspirateur.com', '0020', '001C', '37,26,200,187,133,38,222,254', '', '', '2016-06-09 12:38:45', '####', 4, 1),
(1339, '0003', '0075', '0011', '0016', 'gabriel@aspirateur.com', '0012', '0018', 'poutcheck@aspirateur.com', '0020', '001C', '37,26,200,187,133,38,222,254', '', '', '2016-06-09 12:38:45', '####', 4, 1),
(1340, '0003', '0071', '0011', '0016', 'gabriel@aspirateur.com', '0012', '0014', 'fabio@aspirateur.com', '0020', '001C', '79,165,235,108,81,118,171,50', '', '', '2016-06-09 12:38:50', '####', 4, 1),
(1341, '0003', '0075', '0011', '0016', 'gabriel@aspirateur.com', '0012', '0018', 'poutcheck@aspirateur.com', '0020', '001C', '79,165,235,108,81,118,171,50', '', '', '2016-06-09 12:38:50', '####', 4, 1),
(1342, '0002', '003D', '0011', '0016', 'gabriel@aspirateur.com', '0012', '0004', 'Host', '', '', '', '', '', '2016-06-09 12:38:52', '####', 2, 0),
(1343, '0001', '003D', '0011', '0016', 'gabriel@aspirateur.com', '0012', '0004', 'Host', '', '', '', '', '', '2016-06-09 12:40:14', '####', 2, 0),
(1344, '0003', '0070', '0011', '0016', 'gabriel@aspirateur.com', '0012', '0014', 'fabio@aspirateur.com', '0020', '001B', '39,248,13,201,23,32,161,209', '', '', '2016-06-09 12:41:09', '####', 4, 1),
(1345, '0003', '0074', '0011', '0016', 'gabriel@aspirateur.com', '0012', '0018', 'poutcheck@aspirateur.com', '0020', '001B', '39,248,13,201,23,32,161,209', '', '', '2016-06-09 12:41:09', '####', 4, 1),
(1346, '0003', '0072', '0011', '0016', 'gabriel@aspirateur.com', '0012', '0014', 'fabio@aspirateur.com', '0020', '001D', '174,197,91,205,230,185,12,106', '', '', '2016-06-09 12:42:32', '####', 4, 1),
(1347, '0003', '0076', '0011', '0016', 'gabriel@aspirateur.com', '0012', '0018', 'poutcheck@aspirateur.com', '0020', '001D', '174,197,91,205,230,185,12,106', '', '', '2016-06-09 12:42:32', '####', 4, 1),
(1348, '0002', '003D', '0011', '0016', 'gabriel@aspirateur.com', '0012', '0004', 'Host', '', '', '', '', '', '2016-06-09 12:43:48', '####', 2, 0),
(1349, '0001', '003D', '0011', '0016', 'gabriel@aspirateur.com', '0012', '0004', 'Host', '', '', '', '', '', '2016-06-09 12:44:37', '####', 2, 0),
(1350, '0003', '0071', '0011', '0016', 'gabriel@aspirateur.com', '0012', '0014', 'fabio@aspirateur.com', '0020', '001C', '187,50,165,203,65,130,214,82', '', '', '2016-06-09 12:44:55', '####', 4, 1),
(1351, '0003', '0075', '0011', '0016', 'gabriel@aspirateur.com', '0012', '0018', 'poutcheck@aspirateur.com', '0020', '001C', '187,50,165,203,65,130,214,82', '', '', '2016-06-09 12:44:55', '####', 4, 1),
(1352, '0001', '003D', '0011', '0016', 'gabriel@aspirateur.com', '0012', '0004', 'Host', '', '', '', '', '', '2016-06-09 12:48:15', '####', 2, 0),
(1353, '0001', '003D', '0011', '0016', 'gabriel@aspirateur.com', '0012', '0004', 'Host', '', '', '', '', '', '2016-06-09 12:49:58', '####', 2, 0),
(1354, '0003', '0071', '0011', '0016', 'gabriel@aspirateur.com', '0012', '0014', 'fabio@aspirateur.com', '0020', '001C', '37,26,200,187,133,38,222,254', '', '', '2016-06-09 12:51:03', '####', 4, 1),
(1355, '0003', '0075', '0011', '0016', 'gabriel@aspirateur.com', '0012', '0018', 'poutcheck@aspirateur.com', '0020', '001C', '37,26,200,187,133,38,222,254', '', '', '2016-06-09 12:51:03', '####', 4, 1),
(1356, '0001', '003D', '0011', '0016', 'gabriel@aspirateur.com', '0012', '0004', 'Host', '', '', '', '', '', '2016-06-09 12:52:39', '####', 2, 0),
(1357, '0002', '003D', '0011', '0016', 'gabriel@aspirateur.com', '0012', '0004', 'Host', '', '', '', '', '', '2016-06-09 12:52:59', '####', 2, 0),
(1358, '0001', '003D', '0011', '0016', 'gabriel@aspirateur.com', '0012', '0004', 'Host', '', '', '', '', '', '2016-06-09 12:54:01', '####', 2, 0),
(1359, '0001', '003D', '0011', '0016', 'gabriel@aspirateur.com', '0012', '0004', 'Host', '', '', '', '', '', '2016-06-09 12:57:06', '####', 2, 0),
(1360, '0001', '003D', '0011', '0016', 'gabriel@aspirateur.com', '0012', '0004', 'Host', '', '', '', '', '', '2016-06-09 12:58:14', '####', 2, 0),
(1361, '0002', '003D', '0011', '0016', 'gabriel@aspirateur.com', '0012', '0004', 'Host', '', '', '', '', '', '2016-06-09 12:59:10', '####', 2, 0),
(1362, '0001', '003D', '0011', '0016', 'gabriel@aspirateur.com', '0012', '0004', 'Host', '', '', '', '', '', '2016-06-09 13:00:57', '####', 2, 0),
(1363, '0003', '0071', '0011', '0016', 'gabriel@aspirateur.com', '0012', '0014', 'fabio@aspirateur.com', '0020', '001C', '141,202,34,65,20,241,198,247', '', '', '2016-06-09 13:01:06', '####', 4, 1),
(1364, '0003', '0075', '0011', '0016', 'gabriel@aspirateur.com', '0012', '0018', 'poutcheck@aspirateur.com', '0020', '001C', '141,202,34,65,20,241,198,247', '', '', '2016-06-09 13:01:06', '####', 4, 1),
(1365, '0003', '0072', '0011', '0016', 'gabriel@aspirateur.com', '0012', '0014', 'fabio@aspirateur.com', '0020', '001D', '108,15,104,171,185,48,191,232', '', '', '2016-06-09 13:01:08', '####', 4, 1),
(1366, '0003', '0076', '0011', '0016', 'gabriel@aspirateur.com', '0012', '0018', 'poutcheck@aspirateur.com', '0020', '001D', '108,15,104,171,185,48,191,232', '', '', '2016-06-09 13:01:09', '####', 4, 1),
(1367, '0003', '0071', '0011', '0016', 'gabriel@aspirateur.com', '0012', '0014', 'fabio@aspirateur.com', '0020', '001C', '141,202,34,65,20,241,198,247', '', '', '2016-06-09 13:01:11', '####', 4, 1),
(1368, '0003', '0075', '0011', '0016', 'gabriel@aspirateur.com', '0012', '0018', 'poutcheck@aspirateur.com', '0020', '001C', '141,202,34,65,20,241,198,247', '', '', '2016-06-09 13:01:12', '####', 4, 1),
(1369, '0001', '003D', '0011', '0016', 'gabriel@aspirateur.com', '0012', '0004', 'Host', '', '', '', '', '', '2016-06-09 13:02:21', '####', 2, 0),
(1370, '0003', '0070', '0011', '0016', 'gabriel@aspirateur.com', '0012', '0014', 'fabio@aspirateur.com', '0020', '001B', '147,235,9,219,201,52,62,148', '', '', '2016-06-09 13:02:23', '####', 4, 1),
(1371, '0003', '0074', '0011', '0016', 'gabriel@aspirateur.com', '0012', '0018', 'poutcheck@aspirateur.com', '0020', '001B', '147,235,9,219,201,52,62,148', '', '', '2016-06-09 13:02:23', '####', 4, 1),
(1372, '0003', '0071', '0011', '0016', 'gabriel@aspirateur.com', '0012', '0014', 'fabio@aspirateur.com', '0020', '001C', '48,225,31,236,184,62,114,201', '', '', '2016-06-09 13:02:26', '####', 4, 1),
(1373, '0003', '0075', '0011', '0016', 'gabriel@aspirateur.com', '0012', '0018', 'poutcheck@aspirateur.com', '0020', '001C', '48,225,31,236,184,62,114,201', '', '', '2016-06-09 13:02:26', '####', 4, 1),
(1374, '0003', '0071', '0011', '0016', 'gabriel@aspirateur.com', '0012', '0014', 'fabio@aspirateur.com', '0020', '001C', '123,234,217,14,180,138,49,30', '', '', '2016-06-09 13:02:29', '####', 4, 1),
(1375, '0003', '0075', '0011', '0016', 'gabriel@aspirateur.com', '0012', '0018', 'poutcheck@aspirateur.com', '0020', '001C', '123,234,217,14,180,138,49,30', '', '', '2016-06-09 13:02:29', '####', 4, 1),
(1376, '0003', '0070', '0011', '0016', 'gabriel@aspirateur.com', '0012', '0014', 'fabio@aspirateur.com', '0020', '001B', '147,235,9,219,201,52,62,148', '', '', '2016-06-09 13:02:31', '####', 4, 1),
(1377, '0003', '0074', '0011', '0016', 'gabriel@aspirateur.com', '0012', '0018', 'poutcheck@aspirateur.com', '0020', '001B', '147,235,9,219,201,52,62,148', '', '', '2016-06-09 13:02:31', '####', 4, 1),
(1378, '0003', '008C', '0011', '0016', 'gabriel@aspirateur.com', '0012', '0014', 'fabio@aspirateur.com', '0020', '0037', '241,232,186,84,42,200,100,87,240,56,118,182,45,78,81,15', '', '', '2016-06-09 13:02:34', '####', 4, 1),
(1379, '0003', '0090', '0011', '0016', 'gabriel@aspirateur.com', '0012', '0018', 'poutcheck@aspirateur.com', '0020', '0037', '241,232,186,84,42,200,100,87,240,56,118,182,45,78,81,15', '', '', '2016-06-09 13:02:34', '####', 4, 1),
(1380, '0002', '003D', '0011', '0016', 'gabriel@aspirateur.com', '0012', '0004', 'Host', '', '', '', '', '', '2016-06-09 13:02:37', '####', 2, 0),
(1381, '0001', '003D', '0011', '0016', 'gabriel@aspirateur.com', '0012', '0004', 'Host', '', '', '', '', '', '2016-06-09 13:03:38', '####', 2, 0),
(1382, '0001', '003D', '0011', '0016', 'gabriel@aspirateur.com', '0012', '0004', 'Host', '', '', '', '', '', '2016-06-09 13:03:55', '####', 2, 0),
(1383, '0003', '0070', '0011', '0016', 'gabriel@aspirateur.com', '0012', '0014', 'fabio@aspirateur.com', '0020', '001B', '244,188,197,64,48,37,94,235', '', '', '2016-06-09 13:04:04', '####', 4, 1),
(1384, '0003', '0074', '0011', '0016', 'gabriel@aspirateur.com', '0012', '0018', 'poutcheck@aspirateur.com', '0020', '001B', '244,188,197,64,48,37,94,235', '', '', '2016-06-09 13:04:04', '####', 4, 1),
(1385, '0003', '006F', '0011', '0016', 'gabriel@aspirateur.com', '0012', '0014', 'fabio@aspirateur.com', '0020', '001A', '246,241,125,18,17,25,75,20', '', '', '2016-06-09 13:05:33', '####', 4, 1),
(1386, '0003', '0073', '0011', '0016', 'gabriel@aspirateur.com', '0012', '0018', 'poutcheck@aspirateur.com', '0020', '001A', '246,241,125,18,17,25,75,20', '', '', '2016-06-09 13:05:33', '####', 4, 1),
(1387, '0003', '0071', '0011', '0016', 'gabriel@aspirateur.com', '0012', '0014', 'fabio@aspirateur.com', '0020', '001C', '186,206,163,48,151,29,83,155', '', '', '2016-06-09 13:05:45', '####', 4, 1),
(1388, '0003', '0075', '0011', '0016', 'gabriel@aspirateur.com', '0012', '0018', 'poutcheck@aspirateur.com', '0020', '001C', '186,206,163,48,151,29,83,155', '', '', '2016-06-09 13:05:45', '####', 4, 1),
(1389, '0003', '0071', '0011', '0016', 'gabriel@aspirateur.com', '0012', '0014', 'fabio@aspirateur.com', '0020', '001C', '201,58,63,168,16,185,155,135', '', '', '2016-06-09 13:05:47', '####', 4, 1),
(1390, '0003', '0075', '0011', '0016', 'gabriel@aspirateur.com', '0012', '0018', 'poutcheck@aspirateur.com', '0020', '001C', '201,58,63,168,16,185,155,135', '', '', '2016-06-09 13:05:47', '####', 4, 1),
(1391, '0001', '003D', '0011', '0016', 'gabriel@aspirateur.com', '0012', '0004', 'Host', '', '', '', '', '', '2016-06-09 13:06:20', '####', 2, 0),
(1392, '0003', '0071', '0011', '0016', 'gabriel@aspirateur.com', '0012', '0014', 'fabio@aspirateur.com', '0020', '001C', '37,26,200,187,133,38,222,254', '', '', '2016-06-09 13:06:22', '####', 4, 1),
(1393, '0003', '0075', '0011', '0016', 'gabriel@aspirateur.com', '0012', '0018', 'poutcheck@aspirateur.com', '0020', '001C', '37,26,200,187,133,38,222,254', '', '', '2016-06-09 13:06:22', '####', 4, 1),
(1394, '0002', '003D', '0011', '0016', 'gabriel@aspirateur.com', '0012', '0004', 'Host', '', '', '', '', '', '2016-06-09 13:06:25', '####', 2, 0),
(1395, '0001', '003D', '0011', '0016', 'gabriel@aspirateur.com', '0012', '0004', 'Host', '', '', '', '', '', '2016-06-09 13:07:29', '####', 2, 0),
(1396, '0003', '0070', '0011', '0016', 'gabriel@aspirateur.com', '0012', '0014', 'fabio@aspirateur.com', '0020', '001B', '147,235,9,219,201,52,62,148', '', '', '2016-06-09 13:07:35', '####', 4, 0),
(1397, '0003', '0072', '0011', '0016', 'gabriel@aspirateur.com', '0012', '0014', 'fabio@aspirateur.com', '0020', '001D', '193,171,112,52,78,171,246,183', '', '', '2016-06-09 13:07:37', '####', 4, 0),
(1398, '0003', '006C', '0011', '0016', 'gabriel@aspirateur.com', '0012', '0014', 'fabio@aspirateur.com', '0020', '0017', '38,211,39,0,77,93,91,56', '', '', '2016-06-09 13:07:41', '####', 4, 0),
(1399, '0002', '003D', '0011', '0016', 'gabriel@aspirateur.com', '0012', '0004', 'Host', '', '', '', '', '', '2016-06-09 13:07:43', '####', 2, 0),
(1400, '0001', '003D', '0011', '0016', 'gabriel@aspirateur.com', '0012', '0004', 'Host', '', '', '', '', '', '2016-06-09 13:10:07', '####', 2, 0),
(1401, '0003', '0070', '0011', '0016', 'gabriel@aspirateur.com', '0012', '0014', 'fabio@aspirateur.com', '0020', '001B', '147,235,9,219,201,52,62,148', '', '', '2016-06-09 13:10:09', '####', 4, 1),
(1402, '0003', '0074', '0011', '0016', 'gabriel@aspirateur.com', '0012', '0018', 'poutcheck@aspirateur.com', '0020', '001B', '147,235,9,219,201,52,62,148', '', '', '2016-06-09 13:10:09', '####', 4, 1),
(1403, '0003', '006F', '0011', '0016', 'gabriel@aspirateur.com', '0012', '0014', 'fabio@aspirateur.com', '0020', '001A', '0,247,102,70,131,48,115,82', '', '', '2016-06-09 13:10:12', '####', 4, 1),
(1404, '0003', '0073', '0011', '0016', 'gabriel@aspirateur.com', '0012', '0018', 'poutcheck@aspirateur.com', '0020', '001A', '0,247,102,70,131,48,115,82', '', '', '2016-06-09 13:10:12', '####', 4, 1),
(1405, '0003', '0072', '0011', '0016', 'gabriel@aspirateur.com', '0012', '0014', 'fabio@aspirateur.com', '0020', '001D', '193,171,112,52,78,171,246,183', '', '', '2016-06-09 13:10:14', '####', 4, 1),
(1406, '0003', '0076', '0011', '0016', 'gabriel@aspirateur.com', '0012', '0018', 'poutcheck@aspirateur.com', '0020', '001D', '193,171,112,52,78,171,246,183', '', '', '2016-06-09 13:10:14', '####', 4, 1),
(1407, '0003', '006F', '0011', '0016', 'gabriel@aspirateur.com', '0012', '0014', 'fabio@aspirateur.com', '0020', '001A', '0,247,102,70,131,48,115,82', '', '', '2016-06-09 13:10:16', '####', 4, 1),
(1408, '0003', '0073', '0011', '0016', 'gabriel@aspirateur.com', '0012', '0018', 'poutcheck@aspirateur.com', '0020', '001A', '0,247,102,70,131,48,115,82', '', '', '2016-06-09 13:10:16', '####', 4, 1),
(1409, '0001', '003D', '0011', '0016', 'gabriel@aspirateur.com', '0012', '0004', 'Host', '', '', '', '', '', '2016-06-09 13:11:45', '####', 2, 0),
(1410, '0003', '011D', '0011', '0016', 'gabriel@aspirateur.com', '0012', '0014', 'fabio@aspirateur.com', '0020', '00C8', '5,200,98,233,132,227,198,46,224,164,150,188,187,251,95,34,204,120,156,61,151,41,204,123,152,34,106,250,201,109,246,203,7,132,35,222,53,164,141,12,79,46,240,69,187,68,73,74,219,115,201,17,136,11,24,149', '', '', '2016-06-09 13:13:02', '####', 4, 0),
(1411, '0002', '003D', '0011', '0016', 'gabriel@aspirateur.com', '0012', '0004', 'Host', '', '', '', '', '', '2016-06-09 13:13:13', '####', 2, 0),
(1412, '0001', '003D', '0011', '0016', 'gabriel@aspirateur.com', '0012', '0004', 'Host', '', '', '', '', '', '2016-06-09 13:13:15', '####', 2, 0),
(1413, '0002', '003D', '0011', '0016', 'gabriel@aspirateur.com', '0012', '0004', 'Host', '', '', '', '', '', '2016-06-09 13:13:26', '####', 2, 0),
(1414, '0001', '003D', '0011', '0016', 'gabriel@aspirateur.com', '0012', '0004', 'Host', '', '', '', '', '', '2016-06-09 13:14:45', '####', 2, 0),
(1415, '0001', '003D', '0011', '0016', 'gabriel@aspirateur.com', '0012', '0004', 'Host', '', '', '', '', '', '2016-06-09 13:18:41', '####', 2, 0),
(1416, '0003', '006F', '0011', '0016', 'gabriel@aspirateur.com', '0012', '0014', 'fabio@aspirateur.com', '0020', '001A', '254,68,250,245,2,4,135,219', '', '', '2016-06-09 13:18:55', '####', 4, 1),
(1417, '0003', '0073', '0011', '0016', 'gabriel@aspirateur.com', '0012', '0018', 'poutcheck@aspirateur.com', '0020', '001A', '254,68,250,245,2,4,135,219', '', '', '2016-06-09 13:18:55', '####', 4, 1),
(1418, '0001', '003D', '0011', '0016', 'gabriel@aspirateur.com', '0012', '0004', 'Host', '', '', '', '', '', '2016-06-09 13:20:12', '####', 2, 0),
(1419, '0003', '0071', '0011', '0016', 'gabriel@aspirateur.com', '0012', '0014', 'fabio@aspirateur.com', '0020', '001C', '107,245,196,25,142,248,21,22', '', '', '2016-06-09 13:20:24', '####', 4, 0),
(1420, '0003', '0071', '0011', '0016', 'gabriel@aspirateur.com', '0012', '0014', 'fabio@aspirateur.com', '0020', '001C', '107,245,196,25,142,248,21,22', '', '', '2016-06-09 13:21:03', '####', 4, 0),
(1421, '0003', '0072', '0011', '0016', 'gabriel@aspirateur.com', '0012', '0014', 'fabio@aspirateur.com', '0020', '001D', '125,239,182,10,157,113,16,115', '', '', '2016-06-09 13:21:07', '####', 4, 0),
(1422, '0003', '0070', '0011', '0016', 'gabriel@aspirateur.com', '0012', '0014', 'fabio@aspirateur.com', '0020', '001B', '228,247,135,32,35,207,92,28', '', '', '2016-06-09 13:21:10', '####', 4, 0),
(1423, '0003', '0072', '0011', '0016', 'gabriel@aspirateur.com', '0012', '0014', 'fabio@aspirateur.com', '0020', '001D', '125,239,182,10,157,113,16,115', '', '', '2016-06-09 13:21:14', '####', 4, 0),
(1424, '0003', '00A7', '0011', '0016', 'gabriel@aspirateur.com', '0012', '0014', 'fabio@aspirateur.com', '0020', '0052', '190,65,102,104,170,39,159,169,202,209,85,222,213,13,7,2,99,184,209,14,37,39,134,34', '', '', '2016-06-09 13:21:17', '####', 4, 0),
(1425, '0003', '00C0', '0011', '0016', 'gabriel@aspirateur.com', '0012', '0014', 'fabio@aspirateur.com', '0020', '006B', '17,204,187,222,218,254,6,29,232,8,39,136,118,49,38,177,133,225,245,115,7,53,23,27,131,238,2,59,46,17,187,96', '', '', '2016-06-09 13:21:29', '####', 4, 1),
(1426, '0003', '00C4', '0011', '0016', 'gabriel@aspirateur.com', '0012', '0018', 'poutcheck@aspirateur.com', '0020', '006B', '17,204,187,222,218,254,6,29,232,8,39,136,118,49,38,177,133,225,245,115,7,53,23,27,131,238,2,59,46,17,187,96', '', '', '2016-06-09 13:21:29', '####', 4, 1),
(1427, '0003', '0070', '0011', '0016', 'gabriel@aspirateur.com', '0012', '0014', 'fabio@aspirateur.com', '0020', '001B', '123,181,50,138,22,229,37,33', '', '', '2016-06-09 13:21:34', '####', 4, 1),
(1428, '0003', '0074', '0011', '0016', 'gabriel@aspirateur.com', '0012', '0018', 'poutcheck@aspirateur.com', '0020', '001B', '123,181,50,138,22,229,37,33', '', '', '2016-06-09 13:21:34', '####', 4, 1),
(1429, '0003', '0070', '0011', '0016', 'gabriel@aspirateur.com', '0012', '0014', 'fabio@aspirateur.com', '0020', '001B', '244,188,197,64,48,37,94,235', '', '', '2016-06-09 13:21:43', '####', 4, 0),
(1430, '0003', '0070', '0011', '0016', 'gabriel@aspirateur.com', '0012', '0014', 'fabio@aspirateur.com', '0020', '001B', '228,247,135,32,35,207,92,28', '', '', '2016-06-09 13:21:46', '####', 4, 0),
(1431, '0002', '003D', '0011', '0016', 'gabriel@aspirateur.com', '0012', '0004', 'Host', '', '', '', '', '', '2016-06-09 13:21:48', '####', 2, 0),
(1432, '0001', '003D', '0011', '0016', 'gabriel@aspirateur.com', '0012', '0004', 'Host', '', '', '', '', '', '2016-06-09 13:21:51', '####', 2, 0),
(1433, '0003', '0072', '0011', '0016', 'gabriel@aspirateur.com', '0012', '0014', 'fabio@aspirateur.com', '0020', '001D', '139,255,238,197,4,123,248,170', '', '', '2016-06-09 13:21:57', '####', 4, 1),
(1434, '0003', '0076', '0011', '0016', 'gabriel@aspirateur.com', '0012', '0018', 'poutcheck@aspirateur.com', '0020', '001D', '139,255,238,197,4,123,248,170', '', '', '2016-06-09 13:21:57', '####', 4, 1),
(1435, '0003', '0072', '0011', '0016', 'gabriel@aspirateur.com', '0012', '0014', 'fabio@aspirateur.com', '0020', '001D', '139,255,238,197,4,123,248,170', '', '', '2016-06-09 13:22:01', '####', 4, 1),
(1436, '0003', '0076', '0011', '0016', 'gabriel@aspirateur.com', '0012', '0018', 'poutcheck@aspirateur.com', '0020', '001D', '139,255,238,197,4,123,248,170', '', '', '2016-06-09 13:22:01', '####', 4, 1),
(1437, '0003', '0072', '0011', '0016', 'gabriel@aspirateur.com', '0012', '0014', 'fabio@aspirateur.com', '0020', '001D', '139,255,238,197,4,123,248,170', '', '', '2016-06-09 13:22:04', '####', 4, 1),
(1438, '0003', '0076', '0011', '0016', 'gabriel@aspirateur.com', '0012', '0018', 'poutcheck@aspirateur.com', '0020', '001D', '139,255,238,197,4,123,248,170', '', '', '2016-06-09 13:22:04', '####', 4, 1),
(1439, '0001', '003D', '0011', '0016', 'gabriel@aspirateur.com', '0012', '0004', 'Host', '', '', '', '', '', '2016-06-09 13:23:24', '####', 2, 0),
(1440, '0003', '0070', '0011', '0016', 'gabriel@aspirateur.com', '0012', '0014', 'fabio@aspirateur.com', '0020', '001B', '147,235,9,219,201,52,62,148', '', '', '2016-06-09 13:24:17', '####', 4, 1),
(1441, '0003', '0074', '0011', '0016', 'gabriel@aspirateur.com', '0012', '0018', 'poutcheck@aspirateur.com', '0020', '001B', '147,235,9,219,201,52,62,148', '', '', '2016-06-09 13:24:17', '####', 4, 1),
(1442, '0001', '003D', '0011', '0016', 'gabriel@aspirateur.com', '0012', '0004', 'Host', '', '', '', '', '', '2016-06-09 13:25:04', '####', 2, 0),
(1443, '0003', '0071', '0011', '0016', 'gabriel@aspirateur.com', '0012', '0014', 'fabio@aspirateur.com', '0020', '001C', '107,245,196,25,142,248,21,22', '', '', '2016-06-09 13:25:11', '####', 4, 1),
(1444, '0003', '0075', '0011', '0016', 'gabriel@aspirateur.com', '0012', '0018', 'poutcheck@aspirateur.com', '0020', '001C', '107,245,196,25,142,248,21,22', '', '', '2016-06-09 13:25:11', '####', 4, 1),
(1445, '0003', '006E', '0011', '0016', 'gabriel@aspirateur.com', '0012', '0014', 'fabio@aspirateur.com', '0020', '0019', '109,136,109,99,69,7,6,249', '', '', '2016-06-09 13:25:14', '####', 4, 1),
(1446, '0003', '0072', '0011', '0016', 'gabriel@aspirateur.com', '0012', '0018', 'poutcheck@aspirateur.com', '0020', '0019', '109,136,109,99,69,7,6,249', '', '', '2016-06-09 13:25:14', '####', 4, 1),
(1447, '0003', '0072', '0011', '0016', 'gabriel@aspirateur.com', '0012', '0014', 'fabio@aspirateur.com', '0020', '001D', '45,251,198,70,146,222,163,242', '', '', '2016-06-09 13:25:16', '####', 4, 1),
(1448, '0003', '0076', '0011', '0016', 'gabriel@aspirateur.com', '0012', '0018', 'poutcheck@aspirateur.com', '0020', '001D', '45,251,198,70,146,222,163,242', '', '', '2016-06-09 13:25:16', '####', 4, 1),
(1449, '0003', '0072', '0011', '0016', 'gabriel@aspirateur.com', '0012', '0014', 'fabio@aspirateur.com', '0020', '001D', '193,171,112,52,78,171,246,183', '', '', '2016-06-09 13:25:20', '####', 4, 1),
(1450, '0003', '0076', '0011', '0016', 'gabriel@aspirateur.com', '0012', '0018', 'poutcheck@aspirateur.com', '0020', '001D', '193,171,112,52,78,171,246,183', '', '', '2016-06-09 13:25:20', '####', 4, 1),
(1451, '0003', '0071', '0011', '0016', 'gabriel@aspirateur.com', '0012', '0014', 'fabio@aspirateur.com', '0020', '001C', '123,234,217,14,180,138,49,30', '', '', '2016-06-09 13:25:22', '####', 4, 1),
(1452, '0003', '0075', '0011', '0016', 'gabriel@aspirateur.com', '0012', '0018', 'poutcheck@aspirateur.com', '0020', '001C', '123,234,217,14,180,138,49,30', '', '', '2016-06-09 13:25:22', '####', 4, 1),
(1453, '0003', '0072', '0011', '0016', 'gabriel@aspirateur.com', '0012', '0014', 'fabio@aspirateur.com', '0020', '001D', '139,255,238,197,4,123,248,170', '', '', '2016-06-09 13:25:24', '####', 4, 1),
(1454, '0003', '0076', '0011', '0016', 'gabriel@aspirateur.com', '0012', '0018', 'poutcheck@aspirateur.com', '0020', '001D', '139,255,238,197,4,123,248,170', '', '', '2016-06-09 13:25:24', '####', 4, 1),
(1455, '0002', '003D', '0011', '0016', 'gabriel@aspirateur.com', '0012', '0004', 'Host', '', '', '', '', '', '2016-06-09 13:25:27', '####', 2, 0),
(1456, '0001', '003D', '0011', '0016', 'gabriel@aspirateur.com', '0012', '0004', 'Host', '', '', '', '', '', '2016-06-09 13:25:45', '####', 2, 0),
(1457, '0001', '003B', '0011', '0014', 'fabio@aspirateur.com', '0012', '0004', 'Host', '', '', '', '', '', '2016-06-09 13:25:55', '####', 2, 0),
(1458, '0001', '003F', '0011', '0018', 'poutcheck@aspirateur.com', '0012', '0004', 'Host', '', '', '', '', '', '2016-06-09 13:26:06', '####', 2, 0),
(1459, '0003', '0071', '0011', '0016', 'gabriel@aspirateur.com', '0012', '0014', 'fabio@aspirateur.com', '0020', '001C', '56,249,115,182,218,35,134,88', '', '', '2016-06-09 13:26:21', '####', 4, 1),
(1460, '0003', '0075', '0011', '0016', 'gabriel@aspirateur.com', '0012', '0018', 'poutcheck@aspirateur.com', '0020', '001C', '56,249,115,182,218,35,134,88', '', '', '2016-06-09 13:26:21', '####', 3, 1),
(1461, '0003', '0071', '0011', '0014', 'fabio@aspirateur.com', '0012', '0016', 'gabriel@aspirateur.com', '0020', '001C', '146,67,252,112,248,44,77,169', '', '', '2016-06-09 13:26:25', '####', 4, 1),
(1462, '0003', '0073', '0011', '0014', 'fabio@aspirateur.com', '0012', '0018', 'poutcheck@aspirateur.com', '0020', '001C', '146,67,252,112,248,44,77,169', '', '', '2016-06-09 13:26:25', '####', 4, 1),
(1463, '0003', '0071', '0011', '0018', 'poutcheck@aspirateur.com', '0012', '0014', 'fabio@aspirateur.com', '0020', '001A', '96,41,32,177,182,243,154,0', '', '', '2016-06-09 13:26:32', '####', 4, 1),
(1464, '0003', '0073', '0011', '0018', 'poutcheck@aspirateur.com', '0012', '0016', 'gabriel@aspirateur.com', '0020', '001A', '96,41,32,177,182,243,154,0', '', '', '2016-06-09 13:26:32', '####', 4, 1),
(1465, '0003', '006F', '0011', '0016', 'gabriel@aspirateur.com', '0012', '0014', 'fabio@aspirateur.com', '0020', '001A', '96,41,32,177,182,243,154,0', '', '', '2016-06-09 13:26:44', '####', 4, 0),
(1466, '0003', '006F', '0011', '0014', 'fabio@aspirateur.com', '0012', '0016', 'gabriel@aspirateur.com', '0020', '001A', '96,41,32,177,182,243,154,0', '', '', '2016-06-09 13:26:50', '####', 4, 1),
(1467, '0003', '0071', '0011', '0014', 'fabio@aspirateur.com', '0012', '0018', 'poutcheck@aspirateur.com', '0020', '001A', '96,41,32,177,182,243,154,0', '', '', '2016-06-09 13:26:50', '####', 4, 1),
(1468, '0002', '003F', '0011', '0018', 'poutcheck@aspirateur.com', '0012', '0004', 'Host', '', '', '', '', '', '2016-06-09 13:27:03', '####', 2, 0),
(1469, '0002', '003B', '0011', '0014', 'fabio@aspirateur.com', '0012', '0004', 'Host', '', '', '', '', '', '2016-06-09 13:27:05', '####', 2, 0),
(1470, '0002', '003D', '0011', '0016', 'gabriel@aspirateur.com', '0012', '0004', 'Host', '', '', '', '', '', '2016-06-09 13:27:08', '####', 2, 0),
(1471, '0001', '003D', '0011', '0016', 'gabriel@aspirateur.com', '0012', '0004', 'Host', '', '', '', '', '', '2016-06-09 13:29:19', '####', 2, 0),
(1472, '0001', '003D', '0011', '0016', 'gabriel@aspirateur.com', '0012', '0004', 'Host', '', '', '', '', '', '2016-06-09 13:30:04', '####', 2, 0),
(1473, '0003', '0070', '0011', '0016', 'gabriel@aspirateur.com', '0012', '0014', 'fabio@aspirateur.com', '0020', '001B', '114,193,9,215,163,135,203,1', '', '', '2016-06-09 13:30:14', '####', 4, 1),
(1474, '0003', '0074', '0011', '0016', 'gabriel@aspirateur.com', '0012', '0018', 'poutcheck@aspirateur.com', '0020', '001B', '114,193,9,215,163,135,203,1', '', '', '2016-06-09 13:30:14', '####', 3, 1),
(1475, '0003', '0071', '0011', '0016', 'gabriel@aspirateur.com', '0012', '0014', 'fabio@aspirateur.com', '0020', '001C', '129,155,169,0,66,152,108,246', '', '', '2016-06-09 13:31:51', '####', 4, 1),
(1476, '0003', '0075', '0011', '0016', 'gabriel@aspirateur.com', '0012', '0018', 'poutcheck@aspirateur.com', '0020', '001C', '129,155,169,0,66,152,108,246', '', '', '2016-06-09 13:31:51', '####', 3, 1),
(1477, '0001', '003B', '0011', '0014', 'fabio@aspirateur.com', '0012', '0004', 'Host', '', '', '', '', '', '2016-06-09 13:32:03', '####', 2, 0),
(1478, '0001', '003D', '0011', '0016', 'gabriel@aspirateur.com', '0012', '0004', 'Host', '', '', '', '', '', '2016-06-09 13:32:56', '####', 2, 0),
(1479, '0003', '0072', '0011', '0016', 'gabriel@aspirateur.com', '0012', '0014', 'fabio@aspirateur.com', '0020', '001D', '108,15,104,171,185,48,191,232', '', '', '2016-06-09 13:32:59', '####', 4, 1),
(1480, '0003', '0076', '0011', '0016', 'gabriel@aspirateur.com', '0012', '0018', 'poutcheck@aspirateur.com', '0020', '001D', '108,15,104,171,185,48,191,232', '', '', '2016-06-09 13:32:59', '####', 3, 1),
(1481, '0001', '003B', '0011', '0014', 'fabio@aspirateur.com', '0012', '0004', 'Host', '', '', '', '', '', '2016-06-09 13:33:11', '####', 2, 0),
(1482, '0001', '003B', '0011', '0014', 'fabio@aspirateur.com', '0012', '0004', 'Host', '', '', '', '', '', '2016-06-09 13:36:13', '####', 2, 0),
(1483, '0002', '003B', '0011', '0014', 'fabio@aspirateur.com', '0012', '0004', 'Host', '', '', '', '', '', '2016-06-09 13:38:03', '####', 2, 0),
(1484, '0001', '003D', '0011', '0016', 'gabriel@aspirateur.com', '0012', '0004', 'Host', '', '', '', '', '', '2016-06-09 13:38:12', '####', 2, 0),
(1485, '0003', '0072', '0011', '0016', 'gabriel@aspirateur.com', '0012', '0014', 'fabio@aspirateur.com', '0020', '001D', '224,255,101,193,104,236,3,105', '', '', '2016-06-09 13:38:22', '####', 4, 1),
(1486, '0003', '0076', '0011', '0016', 'gabriel@aspirateur.com', '0012', '0018', 'poutcheck@aspirateur.com', '0020', '001D', '224,255,101,193,104,236,3,105', '', '', '2016-06-09 13:38:22', '####', 3, 1),
(1487, '0003', '011C', '0011', '0016', 'gabriel@aspirateur.com', '0012', '0014', 'fabio@aspirateur.com', '0020', '00C7', '244,155,117,190,104,135,255,92,231,77,149,134,119,79,123,176,22,107,40,50,36,1,111,118,63,87,21,161,91,247,71,9,133,121,236,243,177,87,169,179,144,248,207,64,144,117,222,22,205,19,87,88,205,125,184,3', '', '', '2016-06-09 13:38:26', '####', 4, 1),
(1488, '0003', '0120', '0011', '0016', 'gabriel@aspirateur.com', '0012', '0018', 'poutcheck@aspirateur.com', '0020', '00C7', '244,155,117,190,104,135,255,92,231,77,149,134,119,79,123,176,22,107,40,50,36,1,111,118,63,87,21,161,91,247,71,9,133,121,236,243,177,87,169,179,144,248,207,64,144,117,222,22,205,19,87,88,205,125,184,3', '', '', '2016-06-09 13:38:26', '####', 3, 1),
(1489, '0002', '003D', '0011', '0016', 'gabriel@aspirateur.com', '0012', '0004', 'Host', '', '', '', '', '', '2016-06-09 13:38:39', '####', 2, 0),
(1490, '0001', '003B', '0011', '0014', 'fabio@aspirateur.com', '0012', '0004', 'Host', '', '', '', '', '', '2016-06-09 13:38:45', '####', 2, 0),
(1491, '0002', '003B', '0011', '0014', 'fabio@aspirateur.com', '0012', '0004', 'Host', '', '', '', '', '', '2016-06-09 13:39:07', '####', 2, 0),
(1492, '0001', '003D', '0011', '0016', 'gabriel@aspirateur.com', '0012', '0004', 'Host', '', '', '', '', '', '2016-06-09 13:40:46', '####', 2, 0),
(1493, '0003', '00A6', '0011', '0016', 'gabriel@aspirateur.com', '0012', '0014', 'fabio@aspirateur.com', '0020', '0051', '25,63,64,66,61,221,93,1,165,10,189,251,131,71,101,212,187,151,55,36,153,34,110,95', '', '', '2016-06-09 13:40:50', '####', 4, 1),
(1494, '0003', '00AA', '0011', '0016', 'gabriel@aspirateur.com', '0012', '0018', 'poutcheck@aspirateur.com', '0020', '0051', '25,63,64,66,61,221,93,1,165,10,189,251,131,71,101,212,187,151,55,36,153,34,110,95', '', '', '2016-06-09 13:40:50', '####', 3, 1),
(1495, '0003', '0071', '0011', '0016', 'gabriel@aspirateur.com', '0012', '0014', 'fabio@aspirateur.com', '0020', '001C', '79,165,235,108,81,118,171,50', '', '', '2016-06-09 13:40:52', '####', 4, 1),
(1496, '0003', '0075', '0011', '0016', 'gabriel@aspirateur.com', '0012', '0018', 'poutcheck@aspirateur.com', '0020', '001C', '79,165,235,108,81,118,171,50', '', '', '2016-06-09 13:40:52', '####', 3, 1),
(1497, '0003', '0071', '0011', '0016', 'gabriel@aspirateur.com', '0012', '0014', 'fabio@aspirateur.com', '0020', '001C', '79,165,235,108,81,118,171,50', '', '', '2016-06-09 13:40:53', '####', 4, 1),
(1498, '0003', '0075', '0011', '0016', 'gabriel@aspirateur.com', '0012', '0018', 'poutcheck@aspirateur.com', '0020', '001C', '79,165,235,108,81,118,171,50', '', '', '2016-06-09 13:40:53', '####', 3, 1),
(1499, '0003', '0071', '0011', '0016', 'gabriel@aspirateur.com', '0012', '0014', 'fabio@aspirateur.com', '0020', '001C', '186,206,163,48,151,29,83,155', '', '', '2016-06-09 13:40:57', '####', 4, 1),
(1500, '0003', '0075', '0011', '0016', 'gabriel@aspirateur.com', '0012', '0018', 'poutcheck@aspirateur.com', '0020', '001C', '186,206,163,48,151,29,83,155', '', '', '2016-06-09 13:40:57', '####', 3, 1),
(1501, '0002', '003D', '0011', '0016', 'gabriel@aspirateur.com', '0012', '0004', 'Host', '', '', '', '', '', '2016-06-09 13:41:02', '####', 2, 0),
(1502, '0001', '003B', '0011', '0014', 'fabio@aspirateur.com', '0012', '0004', 'Host', '', '', '', '', '', '2016-06-09 13:41:08', '####', 2, 0),
(1503, '0002', '003B', '0011', '0014', 'fabio@aspirateur.com', '0012', '0004', 'Host', '', '', '', '', '', '2016-06-09 13:41:15', '####', 2, 0),
(1504, '0001', '003D', '0011', '0016', 'gabriel@aspirateur.com', '0012', '0004', 'Host', '', '', '', '', '', '2016-06-09 13:49:13', '####', 2, 0),
(1505, '0001', '003B', '0011', '0014', 'fabio@aspirateur.com', '0012', '0004', 'Host', '', '', '', '', '', '2016-06-09 13:50:00', '####', 2, 0),
(1506, '0001', '003D', '0011', '0016', 'gabriel@aspirateur.com', '0012', '0004', 'Host', '', '', '', '', '', '2016-06-09 13:57:20', '####', 2, 0),
(1507, '0001', '003D', '0011', '0016', 'gabriel@aspirateur.com', '0012', '0004', 'Host', '', '', '', '', '', '2016-06-09 14:04:06', '####', 2, 0),
(1508, '0001', '003D', '0011', '0016', 'gabriel@aspirateur.com', '0012', '0004', 'Host', '', '', '', '', '', '2016-06-09 14:09:25', '####', 2, 0),
(1509, '0001', '003D', '0011', '0016', 'gabriel@aspirateur.com', '0012', '0004', 'Host', '', '', '', '', '', '2016-06-09 14:10:11', '####', 2, 0),
(1510, '0002', '003D', '0011', '0016', 'gabriel@aspirateur.com', '0012', '0004', 'Host', '', '', '', '', '', '2016-06-09 14:10:17', '####', 2, 0),
(1511, '0001', '003D', '0011', '0016', 'gabriel@aspirateur.com', '0012', '0004', 'Host', '', '', '', '', '', '2016-06-09 14:10:27', '####', 2, 0),
(1512, '0001', '003A', '0011', '0013', 'juan@aspirateur.com', '0012', '0004', 'Host', '', '', '', '', '', '2016-06-09 14:12:58', '####', 2, 0),
(1513, '0002', '003A', '0011', '0013', 'juan@aspirateur.com', '0012', '0004', 'Host', '', '', '', '', '', '2016-06-09 14:13:13', '####', 2, 0),
(1514, '0001', '003A', '0011', '0013', 'juan@aspirateur.com', '0012', '0004', 'Host', '', '', '', '', '', '2016-06-09 14:14:03', '####', 2, 0),
(1515, '0001', '003B', '0011', '0014', 'fabio@aspirateur.com', '0012', '0004', 'Host', '', '', '', '', '', '2016-06-09 14:14:47', '####', 2, 0),
(1516, '0002', '003B', '0011', '0014', 'fabio@aspirateur.com', '0012', '0004', 'Host', '', '', '', '', '', '2016-06-09 14:14:55', '####', 2, 0),
(1517, '0001', '003D', '0011', '0016', 'gabriel@aspirateur.com', '0012', '0004', 'Host', '', '', '', '', '', '2016-06-09 14:15:57', '####', 2, 0),
(1518, '0002', '003D', '0011', '0016', 'gabriel@aspirateur.com', '0012', '0004', 'Host', '', '', '', '', '', '2016-06-09 14:16:17', '####', 2, 0),
(1519, '0001', '003A', '0011', '0013', 'juan@aspirateur.com', '0012', '0004', 'Host', '', '', '', '', '', '2016-06-09 14:16:24', '####', 2, 0),
(1520, '0002', '003A', '0011', '0013', 'juan@aspirateur.com', '0012', '0004', 'Host', '', '', '', '', '', '2016-06-09 14:17:27', '####', 2, 0),
(1521, '0001', '003A', '0011', '0013', 'juan@aspirateur.com', '0012', '0004', 'Host', '', '', '', '', '', '2016-06-09 14:17:31', '####', 2, 0),
(1522, '0002', '003A', '0011', '0013', 'juan@aspirateur.com', '0012', '0004', 'Host', '', '', '', '', '', '2016-06-09 14:18:21', '####', 2, 0),
(1523, '0001', '003D', '0011', '0016', 'gabriel@aspirateur.com', '0012', '0004', 'Host', '', '', '', '', '', '2016-06-09 14:27:47', '####', 2, 0),
(1524, '0003', '0072', '0011', '0016', 'gabriel@aspirateur.com', '0012', '0014', 'fabio@aspirateur.com', '0020', '001D', '62,243,226,143,153,75,223,146', '', '', '2016-06-09 14:27:53', '####', 2, 1),
(1525, '0003', '0076', '0011', '0016', 'gabriel@aspirateur.com', '0012', '0018', 'poutcheck@aspirateur.com', '0020', '001D', '62,243,226,143,153,75,223,146', '', '', '2016-06-09 14:27:53', '####', 3, 1),
(1526, '0001', '003A', '0011', '0013', 'juan@aspirateur.com', '0012', '0004', 'Host', '', '', '', '', '', '2016-06-09 14:28:09', '####', 2, 0),
(1527, '0003', '006D', '0011', '0013', 'juan@aspirateur.com', '0012', '0013', 'juan@aspirateur.com', '0020', '001C', '37,26,200,187,133,38,222,254', '', '', '2016-06-09 14:28:34', '####', 4, 1),
(1528, '0003', '006F', '0011', '0013', 'juan@aspirateur.com', '0012', '0015', 'pierre@aspirateur.com', '0020', '001C', '37,26,200,187,133,38,222,254', '', '', '2016-06-09 14:28:34', '####', 2, 1),
(1529, '0003', '006D', '0011', '0013', 'juan@aspirateur.com', '0012', '0013', 'juan@aspirateur.com', '0020', '001C', '37,26,200,187,133,38,222,254', '', '', '2016-06-09 14:28:38', '####', 4, 1),
(1530, '0003', '006F', '0011', '0013', 'juan@aspirateur.com', '0012', '0015', 'pierre@aspirateur.com', '0020', '001C', '37,26,200,187,133,38,222,254', '', '', '2016-06-09 14:28:38', '####', 2, 1),
(1531, '0003', '006D', '0011', '0013', 'juan@aspirateur.com', '0012', '0013', 'juan@aspirateur.com', '0020', '001C', '56,58,226,65,211,102,189,166', '', '', '2016-06-09 14:28:42', '####', 4, 1),
(1532, '0003', '006F', '0011', '0013', 'juan@aspirateur.com', '0012', '0015', 'pierre@aspirateur.com', '0020', '001C', '56,58,226,65,211,102,189,166', '', '', '2016-06-09 14:28:42', '####', 2, 1),
(1533, '0002', '003A', '0011', '0013', 'juan@aspirateur.com', '0012', '0004', 'Host', '', '', '', '', '', '2016-06-09 14:29:01', '####', 2, 0),
(1534, '0002', '003D', '0011', '0016', 'gabriel@aspirateur.com', '0012', '0004', 'Host', '', '', '', '', '', '2016-06-09 14:29:49', '####', 2, 0),
(1535, '0001', '003A', '0011', '0013', 'juan@aspirateur.com', '0012', '0004', 'Host', '', '', '', '', '', '2016-06-09 14:34:58', '####', 2, 0),
(1536, '0002', '003A', '0011', '0013', 'juan@aspirateur.com', '0012', '0004', 'Host', '', '', '', '', '', '2016-06-09 14:35:42', '####', 2, 0),
(1537, '0001', '003A', '0011', '0013', 'juan@aspirateur.com', '0012', '0004', 'Host', '', '', '', '', '', '2016-06-09 14:36:18', '####', 2, 0),
(1538, '0003', '006D', '0011', '0013', 'juan@aspirateur.com', '0012', '0013', 'juan@aspirateur.com', '0020', '001C', '56,58,226,65,211,102,189,166', '', '', '2016-06-09 14:36:27', '####', 3, 1),
(1539, '0003', '006F', '0011', '0013', 'juan@aspirateur.com', '0012', '0015', 'pierre@aspirateur.com', '0020', '001C', '56,58,226,65,211,102,189,166', '', '', '2016-06-09 14:36:27', '####', 2, 1),
(1540, '0002', '003A', '0011', '0013', 'juan@aspirateur.com', '0012', '0004', 'Host', '', '', '', '', '', '2016-06-09 14:36:39', '####', 2, 0),
(1541, '0001', '003D', '0011', '0016', 'gabriel@aspirateur.com', '0012', '0004', 'Host', '', '', '', '', '', '2016-06-09 14:36:48', '####', 2, 0),
(1542, '0001', '003D', '0011', '0016', 'gabriel@aspirateur.com', '0012', '0004', 'Host', '', '', '', '', '', '2016-06-09 14:37:01', '####', 2, 0),
(1543, '0001', '003D', '0011', '0016', 'gabriel@aspirateur.com', '0012', '0004', 'Host', '', '', '', '', '', '2016-06-09 14:37:48', '####', 2, 0),
(1544, '0003', '0070', '0011', '0016', 'gabriel@aspirateur.com', '0012', '0013', 'juan@aspirateur.com', '0020', '001C', '37,26,200,187,133,38,222,254', '', '', '2016-06-09 14:37:59', '####', 2, 0),
(1545, '0003', '0074', '0011', '0016', 'gabriel@aspirateur.com', '0012', '0015', 'pierre@aspirateur.com', '0020', '001E', '186,198,146,18,237,252,206,100', '', '', '2016-06-09 14:38:02', '####', 2, 0),
(1546, '0003', '0074', '0011', '0016', 'gabriel@aspirateur.com', '0012', '0014', 'fabio@aspirateur.com', '0020', '001F', '177,225,228,114,145,237,113,184', '', '', '2016-06-09 14:38:07', '####', 2, 1),
(1547, '0003', '0078', '0011', '0016', 'gabriel@aspirateur.com', '0012', '0018', 'poutcheck@aspirateur.com', '0020', '001F', '177,225,228,114,145,237,113,184', '', '', '2016-06-09 14:38:07', '####', 3, 1),
(1548, '0002', '003D', '0011', '0016', 'gabriel@aspirateur.com', '0012', '0004', 'Host', '', '', '', '', '', '2016-06-09 14:38:38', '####', 2, 0),
(1549, '0001', '003D', '0011', '0016', 'gabriel@aspirateur.com', '0012', '0004', 'Host', '', '', '', '', '', '2016-06-09 14:38:55', '####', 2, 0),
(1550, '0001', '003F', '0011', '0018', 'poutcheck@aspirateur.com', '0012', '0004', 'Host', '', '', '', '', '', '2016-06-09 14:39:07', '####', 2, 0),
(1551, '0003', '0073', '0011', '0018', 'poutcheck@aspirateur.com', '0012', '0014', 'fabio@aspirateur.com', '0020', '001C', '151,51,182,197,7,168,122,233', '', '', '2016-06-09 14:39:23', '####', 2, 1),
(1552, '0003', '0075', '0011', '0018', 'poutcheck@aspirateur.com', '0012', '0016', 'gabriel@aspirateur.com', '0020', '001C', '151,51,182,197,7,168,122,233', '', '', '2016-06-09 14:39:24', '####', 3, 1),
(1553, '0002', '003D', '0011', '0016', 'gabriel@aspirateur.com', '0012', '0004', 'Host', '', '', '', '', '', '2016-06-09 14:39:31', '####', 2, 0),
(1554, '0002', '003F', '0011', '0018', 'poutcheck@aspirateur.com', '0012', '0004', 'Host', '', '', '', '', '', '2016-06-09 14:40:02', '####', 2, 0),
(1555, '0001', '003A', '0011', '0013', 'juan@aspirateur.com', '0012', '0004', 'Host', '', '', '', '', '', '2016-06-09 14:40:06', '####', 2, 0),
(1556, '0002', '003A', '0011', '0013', 'juan@aspirateur.com', '0012', '0004', 'Host', '', '', '', '', '', '2016-06-09 14:40:22', '####', 2, 0),
(1557, '0001', '003A', '0011', '0013', 'juan@aspirateur.com', '0012', '0004', 'Host', '', '', '', '', '', '2016-06-09 14:40:33', '####', 2, 0),
(1558, '0001', '003D', '0011', '0016', 'gabriel@aspirateur.com', '0012', '0004', 'Host', '', '', '', '', '', '2016-06-09 14:41:20', '####', 2, 0),
(1559, '0002', '003D', '0011', '0016', 'gabriel@aspirateur.com', '0012', '0004', 'Host', '', '', '', '', '', '2016-06-09 14:41:24', '####', 2, 0),
(1560, '0001', '003A', '0011', '0013', 'juan@aspirateur.com', '0012', '0004', 'Host', '', '', '', '', '', '2016-06-09 14:41:29', '####', 2, 0),
(1561, '0001', '003D', '0011', '0016', 'gabriel@aspirateur.com', '0012', '0004', 'Host', '', '', '', '', '', '2016-06-09 14:42:08', '####', 2, 0),
(1562, '0003', '0071', '0011', '0016', 'gabriel@aspirateur.com', '0012', '0014', 'fabio@aspirateur.com', '0020', '001C', '79,165,235,108,81,118,171,50', '', '', '2016-06-09 14:42:12', '####', 2, 1),
(1563, '0003', '0075', '0011', '0016', 'gabriel@aspirateur.com', '0012', '0018', 'poutcheck@aspirateur.com', '0020', '001C', '79,165,235,108,81,118,171,50', '', '', '2016-06-09 14:42:12', '####', 2, 1),
(1564, '0003', '0073', '0011', '0016', 'gabriel@aspirateur.com', '0012', '0014', 'fabio@aspirateur.com', '0020', '001E', '186,198,146,18,237,252,206,100', '', '', '2016-06-09 14:42:15', '####', 2, 1),
(1565, '0003', '0077', '0011', '0016', 'gabriel@aspirateur.com', '0012', '0018', 'poutcheck@aspirateur.com', '0020', '001E', '186,198,146,18,237,252,206,100', '', '', '2016-06-09 14:42:15', '####', 2, 1),
(1566, '0002', '003D', '0011', '0016', 'gabriel@aspirateur.com', '0012', '0004', 'Host', '', '', '', '', '', '2016-06-09 14:42:19', '####', 2, 0);

-- --------------------------------------------------------

--
-- Structure de la table `t_state`
--

CREATE TABLE IF NOT EXISTS `t_state` (
  `idState` int(11) NOT NULL AUTO_INCREMENT,
  `state` varchar(70) NOT NULL,
  PRIMARY KEY (`idState`)
) ENGINE=InnoDB  DEFAULT CHARSET=utf8 AUTO_INCREMENT=5 ;

--
-- Contenu de la table `t_state`
--

INSERT INTO `t_state` (`idState`, `state`) VALUES
(1, 'Envoie en cours au serveur'),
(2, 'Serveur reçu'),
(3, 'Utilisateur connecter mais n''as pas vu le message'),
(4, 'Utilisateur à vue le message');

-- --------------------------------------------------------

--
-- Structure de la table `t_users`
--

CREATE TABLE IF NOT EXISTS `t_users` (
  `idUser` varchar(60) NOT NULL,
  `password` varchar(50) NOT NULL,
  `connection` tinyint(1) NOT NULL DEFAULT '0',
  `idGroup` int(11) NOT NULL,
  PRIMARY KEY (`idUser`),
  UNIQUE KEY `idUser` (`idUser`)
) ENGINE=InnoDB DEFAULT CHARSET=utf8;

--
-- Contenu de la table `t_users`
--

INSERT INTO `t_users` (`idUser`, `password`, `connection`, `idGroup`) VALUES
('fabio@aspirateur.com', '641890219989519581101501581612559294203219190239', 0, 1),
('gabriel@aspirateur.com', '641890219989519581101501581612559294203219190239', 0, 1),
('juan@aspirateur.com', '641890219989519581101501581612559294203219190239', 0, 3),
('pierre@aspirateur.com', '641890219989519581101501581612559294203219190239', 0, 3),
('poutcheck@aspirateur.com', '641890219989519581101501581612559294203219190239', 0, 1);

/*!40101 SET CHARACTER_SET_CLIENT=@OLD_CHARACTER_SET_CLIENT */;
/*!40101 SET CHARACTER_SET_RESULTS=@OLD_CHARACTER_SET_RESULTS */;
/*!40101 SET COLLATION_CONNECTION=@OLD_COLLATION_CONNECTION */;
